{"spaandroid":{"platform":"spaan","indexjl":"js","devicemessage":"This device is currently not supported","deviceexception":"Unknown Error Occurred <br/> Contact System Admin","importjsfiles":[],"noscriptmessage":"To use this site, first enable your browser's JavaScript support and then refresh this page.","version":"1.0.0","category":"spaandroid/","bgcolor":"#ffffff","enablexfsspa":false,"enablexfs":"false","isDebug":"false","csslist":[],"jslist":[]},"appconfig":{"buildoption":"debug","applocales":"","spa":"spaandroid","appid":"BestBuy","devicedblookup":"false","smsecure":"","cacheId":"1592584949180","cacheUrl":"BestBuy/1592584949180"}}